"Sample","Epichloe Reads","Fescue Reads","Total Reads","Percent Epichloe","Percent Fescue"
"CTE25N_C1_O17",42,44850382,44850424,0,1
"CTE25N_C2_O17",117512,48338813,48456325,0.00243,0.99757
"CTE25N_C3_O17",252,49410036,49410288,1e-05,0.99999
"CTE25N_H1_O17",222,57416814,57417036,0,1
"CTE25N_H2_O17",102,48787096,48787198,0,1
"CTE25N_H3_O17",376,50697869,50698245,1e-05,0.99999
"CTE25N_HP2_O17",216,43417327,43417543,0,1
"CTE25N_HP3_O17",182,59368604,59368786,0,1
"CTE25N_J16_C1_A018",150,49145629,49145779,0,1
"CTE25N_J16_C2_A146",40,45261387,45261427,0,1
"CTE25N_J16_H1_A052",42,49662501,49662543,0,1
"CTE25N_J16_H2_A228",36,45641675,45641711,0,1
"CTE25N_J16_H3_S290_F61",40,52520815,52520855,0,1
"CTE25N_J16_HP1_A112",236,54522181,54522417,0,1
"CTE25N_J16_HP2_A178",26,49251292,49251318,0,1
"CTE25N_J16_HP3_S372_F63",162839,49898198,50061037,0.00325,0.99675
"CTE25N_J17_C2_S018_F65",78,45869710,45869788,0,1
"CTE25N_J17_C3_S260_F76",35200,46236920,46272120,0.00076,0.99924
"CTE25N_J17_H1_S052_F67",126,45553255,45553381,0,1
"CTE25N_J17_H2_S228_F74",250,45093411,45093661,1e-05,0.99999
"CTE25N_J17_H3_S290_F78",666,44999884,45000550,1e-05,0.99999
"CTE25N_J17_HP1_S112_F70",378,59764539,59764917,1e-05,0.99999
"CTE25N_J17_HP2_S178_F72",152,42747162,42747314,0,1
"CTE25N_J17_HP3_S372_F80",128,45855573,45855701,0,1
"CTE25N_O16_C1",108,61132267,61132375,0,1
"CTE25N_O16_C2",260,49269236,49269496,1e-05,0.99999
"CTE25N_O16_C3",143,59229613,59229756,0,1
"CTE25N_O16_H1",464,61790303,61790767,1e-05,0.99999
"CTE25N_O16_H2",542,63617541,63618083,1e-05,0.99999
"CTE25N_O16_H3",724,56901942,56902666,1e-05,0.99999
"CTE25N_O16_HP1",252,51974061,51974313,0,1
"CTE25N_O16_HP2",306,56790627,56790933,1e-05,0.99999
"CTE25N_O16_HP3",124,47901701,47901825,0,1
"CTE25P_C1_O17",680814,45827027,46507841,0.01464,0.98536
"CTE25P_C2_O17",208029,47715513,47923542,0.00434,0.99566
"CTE25P_C3_O17",410153,43913924,44324077,0.00925,0.99075
"CTE25P_H1_O17",701613,77151486,77853099,0.00901,0.99099
"CTE25P_H2_O17",94367,56536063,56630430,0.00167,0.99833
"CTE25P_H3_O17",432063,52977934,53409997,0.00809,0.99191
"CTE25P_HP1_O17",520847,65985252,66506099,0.00783,0.99217
"CTE25P_HP2_O17",581147,41894377,42475524,0.01368,0.98632
"CTE25P_J16_C1_A028",1124610,65374266,66498876,0.01691,0.98309
"CTE25P_J16_C2_A130",539940,52788276,53328216,0.01012,0.98988
"CTE25P_J16_C3_A282",763328,51302489,52065817,0.01466,0.98534
"CTE25P_J16_H1_A058",353369,50919993,51273362,0.00689,0.99311
"CTE25P_J16_H2_A230",1293339,56173626,57466965,0.02251,0.97749
"CTE25P_J16_H3_S292_F62",920702,45892598,46813300,0.01967,0.98033
"CTE25P_J16_HP1_A100",1355018,49484026,50839044,0.02665,0.97335
"CTE25P_J16_HP2_A188",901137,61182344,62083481,0.01451,0.98549
"CTE25P_J16_HP3_S380_F64",1265936,45707929,46973865,0.02695,0.97305
"CTE25P_J17_C1_S028_F66",859763,46404277,47264040,0.01819,0.98181
"CTE25P_J17_C2_S130_F71",886714,48774169,49660883,0.01786,0.98214
"CTE25P_J17_C3_S282_F77",770976,41807292,42578268,0.01811,0.98189
"CTE25P_J17_H1_S058_F68",1372781,47006314,48379095,0.02838,0.97162
"CTE25P_J17_H2_S230_F75",584541,44146034,44730575,0.01307,0.98693
"CTE25P_J17_H3_S292_F79",470768,43425681,43896449,0.01072,0.98928
"CTE25P_J17_HP1_S100_F69",1780519,49717747,51498266,0.03457,0.96543
"CTE25P_J17_HP2_S188_F73",911539,44886626,45798165,0.0199,0.9801
"CTE25P_O16_C1",53393,53413995,53467388,0.001,0.999
"CTE25P_O16_C3",384508,43542738,43927246,0.00875,0.99125
"CTE25P_O16_H1",1050951,55551059,56602010,0.01857,0.98143
"CTE25P_O16_H2",95613,50470622,50566235,0.00189,0.99811
"CTE25P_O16_H3",174414,64021673,64196087,0.00272,0.99728
"CTE25P_O16_HP1",433978,54452554,54886532,0.00791,0.99209
"CTE25P_O16_HP2",1001895,54430569,55432464,0.01807,0.98193
"CTE25P_O16_HP3",527744,44438017,44965761,0.01174,0.98826
"CTE31N_C1_O17",62,53645075,53645137,0,1
"CTE31N_C2_O17",158,75109666,75109824,0,1
"CTE31N_C3_O17",36,64105486,64105522,0,1
"CTE31N_H1_O17",68,47695333,47695401,0,1
"CTE31N_H2_O17",68,51724093,51724161,0,1
"CTE31N_H3_O17",116,47248687,47248803,0,1
"CTE31N_HP2_O17",24,43411738,43411762,0,1
"CTE31N_HP3_O17",522,65349668,65350190,1e-05,0.99999
"CTE31N_J16_C1_P020",44,55030736,55030780,0,1
"CTE31N_J16_C2_P154",38,52668458,52668496,0,1
"CTE31N_J16_H1_P060",22,76240597,76240619,0,1
"CTE31N_J16_H2_P226",124,56866906,56867030,0,1
"CTE31N_J16_H3_P306",58,62453604,62453662,0,1
"CTE31N_J16_HP1_P098",32,43019682,43019714,0,1
"CTE31N_J16_HP2_P186",26,47518892,47518918,0,1
"CTE31N_J16_HP3_P368",32,49923095,49923127,0,1
"CTE31N_J17_C1_S020_F81",254,44631425,44631679,1e-05,0.99999
"CTE31N_J17_C2_S154_F88",140,41786788,41786928,0,1
"CTE31N_J17_C3_S262_F93",326,45547668,45547994,1e-05,0.99999
"CTE31N_J17_H2_S226_F91",272,45153355,45153627,1e-05,0.99999
"CTE31N_J17_H3_S306_F96",160,64289936,64290096,0,1
"CTE31N_J17_HP1_S098_F85",168,53700936,53701104,0,1
"CTE31N_J17_HP2_S186_F90",246,44895980,44896226,1e-05,0.99999
"CTE31N_J17_HP3_S368_F98",932,52713266,52714198,2e-05,0.99998
"CTE31N_O16_C1",464,46461362,46461826,1e-05,0.99999
"CTE31N_O16_C3",532,56461126,56461658,1e-05,0.99999
"CTE31N_O16_H1",536,47271031,47271567,1e-05,0.99999
"CTE31N_O16_H3",390,52996359,52996749,1e-05,0.99999
"CTE31N_O16_HP1",960,44310482,44311442,2e-05,0.99998
"CTE31N_O16_HP2",682,64367064,64367746,1e-05,0.99999
"CTE31N_O16_HP3",448,50098524,50098972,1e-05,0.99999
"CTE31P_C1_O17",721250,49271364,49992614,0.01443,0.98557
"CTE31P_C2_O17",286910,43218511,43505421,0.00659,0.99341
"CTE31P_C3_O17",389561,42132878,42522439,0.00916,0.99084
"CTE31P_H1_O17",563370,43958292,44521662,0.01265,0.98735
"CTE31P_H2_O17",792802,49475628,50268430,0.01577,0.98423
"CTE31P_H3_O17",377173,43325913,43703086,0.00863,0.99137
"CTE31P_HP1_O17",924273,50438674,51362947,0.01799,0.98201
"CTE31P_HP2_O17",427036,44686780,45113816,0.00947,0.99053
"CTE31P_HP3_O17",482930,44869146,45352076,0.01065,0.98935
"CTE31P_J16_C1_P026",929200,55981197,56910397,0.01633,0.98367
"CTE31P_J16_C2_P144",645066,46509570,47154636,0.01368,0.98632
"CTE31P_J16_C3_P284",866889,49582104,50448993,0.01718,0.98282
"CTE31P_J16_H1_P048",858402,48288727,49147129,0.01747,0.98253
"CTE31P_J16_H2_P250",965762,56085940,57051702,0.01693,0.98307
"CTE31P_J16_H3_P304",1311420,56297030,57608450,0.02276,0.97724
"CTE31P_J16_HP1_P116",1067771,44683079,45750850,0.02334,0.97666
"CTE31P_J16_HP2_P162",738152,49352870,50091022,0.01474,0.98526
"CTE31P_J16_HP3_P354",1200098,51886194,53086292,0.02261,0.97739
"CTE31P_J17_C1_S026_F82",746028,50308452,51054480,0.01461,0.98539
"CTE31P_J17_C2_S144_F87",756067,42192549,42948616,0.0176,0.9824
"CTE31P_J17_C3_S284_F94",822139,52976709,53798848,0.01528,0.98472
"CTE31P_J17_H1_S048_F83",711694,45553105,46264799,0.01538,0.98462
"CTE31P_J17_H2_S259_F92",834390,44081762,44916152,0.01858,0.98142
"CTE31P_J17_H3_S304_F95",722146,55374885,56097031,0.01287,0.98713
"CTE31P_J17_HP1_S116_F86",1004695,42857957,43862652,0.02291,0.97709
"CTE31P_J17_HP2_S162_F89",1138154,45001523,46139677,0.02467,0.97533
"CTE31P_J17_HP3_S354_F97",1807839,48907723,50715562,0.03565,0.96435
"CTE31P_O16_C1",470595,48843863,49314458,0.00954,0.99046
"CTE31P_O16_C2",311206,49150243,49461449,0.00629,0.99371
"CTE31P_O16_C3",358197,53569099,53927296,0.00664,0.99336
"CTE31P_O16_H1",1263527,51407077,52670604,0.02399,0.97601
"CTE31P_O16_H2",188865,48814631,49003496,0.00385,0.99615
"CTE31P_O16_H3",643107,56480194,57123301,0.01126,0.98874
"CTE31P_O16_HP1",614259,50037979,50652238,0.01213,0.98787
"CTE31P_O16_HP2",708375,57840316,58548691,0.0121,0.9879
"CTE31P_O16_HP3",295970,50882662,51178632,0.00578,0.99422
"CTE45N_J16_C2_Z134",16,54248625,54248641,0,1
"CTE45N_J16_C3_Z272",68,41400949,41401017,0,1
"CTE45N_J16_H1_Z036",32,50093402,50093434,0,1
"CTE45N_J16_H2_Z244",606,52183497,52184103,1e-05,0.99999
"CTE45N_J16_H3_Z294",38,49279966,49280004,0,1
"CTE45N_J16_HP1_Z114",28,52087843,52087871,0,1
"CTE45N_J16_HP2_Z180",16,85436259,85436275,0,1
"CTE45N_J16_HP3_Z378",1046,44830603,44831649,2e-05,0.99998
"CTE45N_J17_C1_S2",406,47781012,47781418,1e-05,0.99999
"CTE45N_J17_C2_S7",1482,47404425,47405907,3e-05,0.99997
"CTE45N_J17_C3_F1",146,48092340,48092486,0,1
"CTE45N_J17_H1_S3",162,47743930,47744092,0,1
"CTE45N_J17_H2_S12",202,51679890,51680092,0,1
"CTE45N_J17_H3_F3",110,42998100,42998210,0,1
"CTE45N_J17_HP1_S5",54,43786796,43786850,0,1
"CTE45N_J17_HP3_F6",39,47518569,47518608,0,1
"CTE45N_O16_C1_R006",300,51507301,51507601,1e-05,0.99999
"CTE45N_O16_C2_R134",152,51942771,51942923,0,1
"CTE45N_O16_C3_R272",90,50350579,50350669,0,1
"CTE45N_O16_H1_S036",78,54626967,54627045,0,1
"CTE45N_O16_H2_S244",116,48712230,48712346,0,1
"CTE45N_O16_H3_294",574,57947354,57947928,1e-05,0.99999
"CTE45N_O16_HP1_R114",44,45681624,45681668,0,1
"CTE45N_O16_HP2_R180",108,42725363,42725471,0,1
"CTE45N_O16_HP3_R378",112,63489789,63489901,0,1
"CTE45N_O17_C1_S006_F26",538,62357538,62358076,1e-05,0.99999
"CTE45N_O17_C2_S134_F31",42,66503177,66503219,0,1
"CTE45N_O17_C3_S272_F37",64,47142933,47142997,0,1
"CTE45N_O17_H1_S036_F27",288,57122846,57123134,1e-05,0.99999
"CTE45N_O17_H2_S244_F36",208,65761157,65761365,0,1
"CTE45N_O17_H3_S294_F39",494,45388159,45388653,1e-05,0.99999
"CTE45N_O17_HP1_S114_F29",502,64519021,64519523,1e-05,0.99999
"CTE45N_O17_HP2_S180_F34",134,56760736,56760870,0,1
"CTE45N_O17_HP3_S378_F42",260,45718411,45718671,1e-05,0.99999
"CTE45P_J16_C2_Z156",303661,41221546,41525207,0.00731,0.99269
"CTE45P_J16_C3_Z276",489334,62138961,62628295,0.00781,0.99219
"CTE45P_J16_H1_Z038",689843,43271738,43961581,0.01569,0.98431
"CTE45P_J16_H2_Z242",168740,52172060,52340800,0.00322,0.99678
"CTE45P_J16_H3_Z314",403967,55760273,56164240,0.00719,0.99281
"CTE45P_J16_HP1_Z122",564878,48690921,49255799,0.01147,0.98853
"CTE45P_J16_HP2_Z166",450500,81069176,81519676,0.00553,0.99447
"CTE45P_J16_HP3_Z370",757143,40848161,41605304,0.0182,0.9818
"CTE45P_J17_C1_S1",243457,52107486,52350943,0.00465,0.99535
"CTE45P_J17_C2_S8",489892,48034377,48524269,0.0101,0.9899
"CTE45P_J17_C3_F2",322684,51094125,51416809,0.00628,0.99372
"CTE45P_J17_H1_S4",488756,48583109,49071865,0.00996,0.99004
"CTE45P_J17_H2_S11",576921,47782144,48359065,0.01193,0.98807
"CTE45P_J17_H3_F4",396435,41041537,41437972,0.00957,0.99043
"CTE45P_J17_HP1_S6",482781,42854476,43337257,0.01114,0.98886
"CTE45P_J17_HP2_S9",865226,41719599,42584825,0.02032,0.97968
"CTE45P_J17_HP3_F5",237834,46818767,47056601,0.00505,0.99495
"CTE45P_O16_C1_R002",283336,48519101,48802437,0.00581,0.99419
"CTE45P_O16_C2_R156",435760,45495053,45930813,0.00949,0.99051
"CTE45P_O16_C3_R276",580860,48417374,48998234,0.01185,0.98815
"CTE45P_O16_H1_S038",395754,46326359,46722113,0.00847,0.99153
"CTE45P_O16_H2_S242",205102,43367562,43572664,0.00471,0.99529
"CTE45P_O16_H3_S314",1058141,55136644,56194785,0.01883,0.98117
"CTE45P_O16_HP1_R122",624388,44536280,45160668,0.01383,0.98617
"CTE45P_O16_HP2_R166",476948,47884158,48361106,0.00986,0.99014
"CTE45P_O16_HP3_R370",186860,59628254,59815114,0.00312,0.99688
"CTE45P_O17_C1_S002_F25",239509,58429001,58668510,0.00408,0.99592
"CTE45P_O17_C2_S156_F32",446152,73137686,73583838,0.00606,0.99394
"CTE45P_O17_C3_S276_F38",361018,44983059,45344077,0.00796,0.99204
"CTE45P_O17_H1_S038_F28",234552,55368594,55603146,0.00422,0.99578
"CTE45P_O17_H2_S242_F35",326326,54330284,54656610,0.00597,0.99403
"CTE45P_O17_H3_S314_F40",337647,42822808,43160455,0.00782,0.99218
"CTE45P_O17_HP1_S122_F30",520305,69511261,70031566,0.00743,0.99257
"CTE45P_O17_HP3_S370_F41",453101,44888494,45341595,0.00999,0.99001
"CTE46N_J16_C1_V016",58,47342036,47342094,0,1
"CTE46N_J16_C2_V132",38,54047044,54047082,0,1
"CTE46N_J16_H1_V050",50,52022995,52023045,0,1
"CTE46N_J16_H2_V252",58,48840408,48840466,0,1
"CTE46N_J16_H3_V308",80,45781047,45781127,0,1
"CTE46N_J16_HP1_V102",314,44808482,44808796,1e-05,0.99999
"CTE46N_J16_HP2_V176",34,170153231,170153265,0,1
"CTE46N_J16_HP3_V358",78,49874511,49874589,0,1
"CTE46N_J17_C1_S016_F9",104,45760629,45760733,0,1
"CTE46N_J17_C2_S132_F13",96,55890416,55890512,0,1
"CTE46N_J17_C3_S258_F19",370,50586724,50587094,1e-05,0.99999
"CTE46N_J17_H1_S050_F10",64,46904854,46904918,0,1
"CTE46N_J17_H2_S252_F18",276,59229694,59229970,0,1
"CTE46N_J17_H3_S308_F21",48,62901286,62901334,0,1
"CTE46N_J17_HP1_S102_F11",48,45853589,45853637,0,1
"CTE46N_J17_HP2_S176_F16",324,63290411,63290735,1e-05,0.99999
"CTE46N_J17_HP3_S358_F24",84,71651202,71651286,0,1
"CTE46N_O16_C1__S16_T2",168,67051473,67051641,0,1
"CTE46N_O16_C2_S132_T5",326,60595378,60595704,1e-05,0.99999
"CTE46N_O16_C3_S258_T9",98,51806932,51807030,0,1
"CTE46N_O16_H1_X8_1",272,55273684,55273956,0,1
"CTE46N_O16_H2_X10_1",134,73826915,73827049,0,1
"CTE46N_O16_H3_X11_1",88,74334865,74334953,0,1
"CTE46N_O16_HP1_S102_T3",64,55392413,55392477,0,1
"CTE46N_O16_HP2_S176_T8",152,74626617,74626769,0,1
"CTE46N_O16_HP3_S358_T12",608,79139993,79140601,1e-05,0.99999
"CTE46N_O17_C1_S016_F44",456,48050143,48050599,1e-05,0.99999
"CTE46N_O17_C2_S132_F49",140,56721767,56721907,0,1
"CTE46N_O17_C3_S258_F55",88,53258157,53258245,0,1
"CTE46N_O17_H1_S050_F46",84,47991471,47991555,0,1
"CTE46N_O17_H2_S252_F54",570,56251984,56252554,1e-05,0.99999
"CTE46N_O17_H3_S308_F57",90,49572593,49572683,0,1
"CTE46N_O17_HP1_S102_F47",274,60243219,60243493,0,1
"CTE46N_O17_HP2_S176_F52",274,49601302,49601576,1e-05,0.99999
"CTE46N_O17_HP3_S358_F60",142,49903601,49903743,0,1
"CTE46P_J16_C1_V004",697749,50199011,50896760,0.01371,0.98629
"CTE46P_J16_C2_V148",627070,58588348,59215418,0.01059,0.98941
"CTE46P_J16_C3_V274",616556,47727810,48344366,0.01275,0.98725
"CTE46P_J16_H1_V034",694072,44564225,45258297,0.01534,0.98466
"CTE46P_J16_H2_V240",420834,44797446,45218280,0.00931,0.99069
"CTE46P_J16_H3_V316",885052,47265453,48150505,0.01838,0.98162
"CTE46P_J16_HP1_V124",671758,47845882,48517640,0.01385,0.98615
"CTE46P_J16_HP2_V164",893171,54347589,55240760,0.01617,0.98383
"CTE46P_J17_C1_S004_F7",589218,43921304,44510522,0.01324,0.98676
"CTE46P_J17_C2_S148_F14",883214,74925352,75808566,0.01165,0.98835
"CTE46P_J17_C3_S274_F20",668894,55037964,55706858,0.01201,0.98799
"CTE46P_J17_H1_S034_F8",945366,48630611,49575977,0.01907,0.98093
"CTE46P_J17_H2_S240_F17",1034866,58928180,59963046,0.01726,0.98274
"CTE46P_J17_H3_S316_F22",1026465,67158930,68185395,0.01505,0.98495
"CTE46P_J17_HP1_S124_F12",967363,47865154,48832517,0.01981,0.98019
"CTE46P_J17_HP2_S164_F15",1643411,54630118,56273529,0.0292,0.9708
"CTE46P_J17_HP3_S356_F23",606673,63786319,64392992,0.00942,0.99058
"CTE46P_O16_C1_S4_T1",838242,75465358,76303600,0.01099,0.98901
"CTE46P_O16_C2_S148_T6",378440,42736793,43115233,0.00878,0.99122
"CTE46P_O16_C3_S274_T10",439681,49911808,50351489,0.00873,0.99127
"CTE46P_O16_H1_X7_1",372084,55818769,56190853,0.00662,0.99338
"CTE46P_O16_H2_X9_1",344770,50942493,51287263,0.00672,0.99328
"CTE46P_O16_H3_X12_1",561667,70282135,70843802,0.00793,0.99207
"CTE46P_O16_HP1_S124_T4",596848,64434179,65031027,0.00918,0.99082
"CTE46P_O16_HP2_S164_T7",374016,88949503,89323519,0.00419,0.99581
"CTE46P_O16_HP3_S356_T11",375753,62442767,62818520,0.00598,0.99402
"CTE46P_O17_C1_S004_F43",369834,47529941,47899775,0.00772,0.99228
"CTE46P_O17_C2_S148_F50",411238,48638692,49049930,0.00838,0.99162
"CTE46P_O17_C3_S274_F56",389279,46380044,46769323,0.00832,0.99168
"CTE46P_O17_H1_S034_F45",561264,48275137,48836401,0.01149,0.98851
"CTE46P_O17_H2_S240_F53",537510,48478843,49016353,0.01097,0.98903
"CTE46P_O17_H3_S316_F58",475484,54295116,54770600,0.00868,0.99132
"CTE46P_O17_HP1_S124_F48",421821,51903498,52325319,0.00806,0.99194
"CTE46P_O17_HP2_S164_F51",619297,48066567,48685864,0.01272,0.98728
"CTE46P_O17_HP3_S356_F59",545867,56444634,56990501,0.00958,0.99042
